nom,email,password,role,actif,date_creation,date_update
Admin HÃ´tel,admin@hotelgroup.com,$2b$10$ICijvsgKyM/E.nRwco0l1ePINHuhTL5Cc6L/8uIgt8TwKfs36b1qG,admin,True,2026-01-01 21:02:45.108,2026-01-01 21:02:45.108
Christiane Leclerc,christiane.leclerc@email.com,$2b$10$je795zodT.M74rbfcIp0ieQH46/yqFHLOtwQ/9cLhd8xhv09JAFxq,client,True,2026-01-01 21:02:45.245,2026-01-01 21:02:45.245
Philippe Antoine,philippe.antoine@email.com,$2b$10$tFRDY3WOIsklqgMex9RSu.nxGfSUkmxnFK1E1Z2MrTr4eu9mBPBc6,client,True,2026-01-01 21:02:45.338,2026-01-01 21:02:45.338
Luc Bernard,luc.bernard@email.com,$2b$10$1Toh0ObABmk4AdsSCHVgdeIyQRew0znsffdXejztxHuDsqYNfbCUO,client,True,2026-01-01 21:02:45.431,2026-01-01 21:02:45.431
Isabelle Girard,isabelle.girard@email.com,$2b$10$ejTJTemtOAIJ9rpTAhfuq.TFS0YDslQ/4V6Du.obXFFrTn3ih7yGG,client,True,2026-01-01 21:02:45.516,2026-01-01 21:02:45.516
Marie Lefevre,marie.lefevre@email.com,$2b$10$5sotbRloNTRt9vWdUqEMyu7LiejItOTEJanofHfZFL2RvlGnempQO,client,True,2026-01-01 21:02:45.596,2026-01-01 21:02:45.596
Francoise Dupont,francoise.dupont@email.com,$2b$10$322NX7gbTJFIU.PoIgI/MOZueqnKtdZwWK4NxpVlfFcswzl2KKWLe,client,True,2026-01-01 21:02:45.675,2026-01-01 21:02:45.675
Pierre Michel,pierre.michel@email.com,$2b$10$jkb6TKhgH8GiKh7GfUMt5urWAIzAnV0JCKqBhRLAZDeAeu4dbOxGy,client,True,2026-01-01 21:02:45.760,2026-01-01 21:02:45.760
Luc Laurent,luc.laurent@email.com,$2b$10$BM8vQ.6DKP.d2w9M7hABxexH45.7BRiiALp4c0zoNjRZnrdzQq/qi,client,True,2026-01-01 21:02:45.848,2026-01-01 21:02:45.848
Michel Laurent,michel.laurent@email.com,$2b$10$R7or2oN1Of2ZtT2l6mWsy.Nyf/1j0xt7//O5mFGe1yp/rFasj0hAu,client,True,2026-01-01 21:02:45.928,2026-01-01 21:02:45.928
Alain Thomas,alain.thomas@email.com,$2b$10$jTUc4JlGEd3OYC4EV.Op2OjJqoTmwHmdcHwh/jzMj1uBBKn/9zOUW,client,True,2026-01-01 21:02:46.011,2026-01-01 21:02:46.011
Luc Auger,luc.auger@email.com,$2b$10$/aRaRRFh6ENrf.WS4tWP6edWXXNVkkayT9gjAMFlK4m2ZAU2zQDUG,client,True,2026-01-01 21:02:46.089,2026-01-01 21:02:46.089
Anne Moreau,anne.moreau@email.com,$2b$10$tLRQ/hBmlVMs6E36jN.FU.w.rqY3wiSLE8UPWVTdyzI4noFFxjQXC,client,True,2026-01-01 21:02:46.172,2026-01-01 21:02:46.172
Philippe Martin,philippe.martin@email.com,$2b$10$OIqeWAGWYhCfrh/w.LZd5.4djDYUL98hffF/S3LK.VnZhH8bzpN5a,client,True,2026-01-01 21:02:46.254,2026-01-01 21:02:46.254
Philippe Leclerc,philippe.leclerc@email.com,$2b$10$ljMSly2xOWSVTBiepRJ4uunNPf2UdOwwF09nM50ttLJPIqOPhJmSK,client,False,2026-01-01 21:02:46.338,2026-01-01 21:02:46.338
Francoise Moreau,francoise.moreau@email.com,$2b$10$KfsYYYG54S85nW5K895DbOFHg5Bu8t2T6vfA7pYVX1D8DOvyUxdYK,client,True,2026-01-01 21:02:46.420,2026-01-01 21:02:46.420
Monique Garcia,monique.garcia@email.com,$2b$10$i1/ibD7oHZwNE3ojdjpNgeKxnx5z/pCWvtP.pfTdoFLA.1hBZaniq,client,True,2026-01-01 21:02:46.498,2026-01-01 21:02:46.498
Christiane Moreau,christiane.moreau@email.com,$2b$10$XJiQIPWM1azYTmiP58rCaezKUjlvWvZxrEipRlnsg.C3JEEdfoP2y,client,True,2026-01-01 21:02:46.594,2026-01-01 21:02:46.594
Michel Laurent,michel.laurent@email.com,$2b$10$D2gwL75.Yk5cn9w79l/4d.rjjuBP2dPC6Y4BjhXCjas.6S2PCd4LG,client,True,2026-01-01 21:02:46.676,2026-01-01 21:02:46.676
Jean Leclerc,jean.leclerc@email.com,$2b$10$G9akr90TZ.X/wLlK3LbMSOjbWilDz8LUy8ugnPBr.CsSD9UpclEji,client,True,2026-01-01 21:02:46.759,2026-01-01 21:02:46.759
Isabelle Auger,isabelle.auger@email.com,$2b$10$Raqkoiig2v9MAFbx26BgfekCk3ju0oAMiTk9GlQMrVLP3pf2KSITy,client,True,2026-01-01 21:02:46.838,2026-01-01 21:02:46.838
Luc Bernard,luc.bernard@email.com,$2b$10$I7dwirqSKo8TUcclHsqXUOV8vG17V.hlJ7mlVvjJAuq38pZNX.3B.,client,True,2026-01-01 21:02:46.916,2026-01-01 21:02:46.916
Philippe Thomas,philippe.thomas@email.com,$2b$10$WNfInruiZe5Xrzu3pAoE1.o3A/mGST76TSF0QJ.ovSA5NnSAqKJJy,client,True,2026-01-01 21:02:46.994,2026-01-01 21:02:46.994
Christiane Antoine,christiane.antoine@email.com,$2b$10$IaVPskHu9q4eHj5JtS1Dw.cWlYA78QoNrOLDMuBA2MJW4ydTEdO5m,client,True,2026-01-01 21:02:47.072,2026-01-01 21:02:47.072
Bernard Laurent,bernard.laurent@email.com,$2b$10$O3XJrO1yH0dbu6n90yLmleFw1Z7Wr/Aexh9HeFOY.wvYOME.KjSmK,client,True,2026-01-01 21:02:47.151,2026-01-01 21:02:47.151
Philippe Garcia,philippe.garcia@email.com,$2b$10$m1dDqnWanF3/NOnXpp1pRuOr.snio9WqVe9WQ5Mvso6910P7MEduK,client,True,2026-01-01 21:02:47.229,2026-01-01 21:02:47.229
Pierre Auger,pierre.auger@email.com,$2b$10$bVi9OLS5Nfou7fdU7wo3KeSpi43DoMr.sTnlnJcuxZE2/NBvgYpnu,client,True,2026-01-01 21:02:47.306,2026-01-01 21:02:47.306
Philippe Laurent,philippe.laurent@email.com,$2b$10$CwCcyRkGhj.PsgY/PBRg8.3tV9hirkAy3HtX7S3lF2JeBvZUshX5K,client,True,2026-01-01 21:02:47.385,2026-01-01 21:02:47.385
Bernard Simon,bernard.simon@email.com,$2b$10$/YC4iyCBH9v9Fs57bCb0XeqA78ZBP8RzbbNlr0vnuWQrlkn3H3IPG,client,True,2026-01-01 21:02:47.464,2026-01-01 21:02:47.464
Patrick Simon,patrick.simon@email.com,$2b$10$wSv0A.TR8LHikp6XKND.aenfB6nV6pQUi/Jngy0rHfSwTp.DueH7e,client,True,2026-01-01 21:02:47.542,2026-01-01 21:02:47.542
Jacques Arnould,jacques.arnould@email.com,$2b$10$ep7bVc2Hreyr88CNXDvdNO44HVnmHU55uiPki.eHgZpkTlCv/PxLi,client,True,2026-01-01 21:02:47.620,2026-01-01 21:02:47.620
Nathalie Auger,nathalie.auger@email.com,$2b$10$9FeJLZzlNyCYHqm9vXGJXuW5R25y7A3JUjQkNtEyfI/9B.4960icK,client,True,2026-01-01 21:02:47.702,2026-01-01 21:02:47.702
Charles Antoine,charles.antoine@email.com,$2b$10$lwhIkezALFrTGBDcbPWqfeRJbxq89TySAA4Z1rTdd7B6BWCr9RrSS,client,True,2026-01-01 21:02:47.784,2026-01-01 21:02:47.784
Michel Simon,michel.simon@email.com,$2b$10$JrOm5tAds5GwlBidKld.8ObAurIPzpm312EUuymuGxyTi50QonJ6u,client,False,2026-01-01 21:02:47.864,2026-01-01 21:02:47.864
Marie Thomas,marie.thomas@email.com,$2b$10$RQBgjkBGIZfWFoQye0UiUuvr1YvD0mFeiRrSSEPA./aQr2dtWXETO,client,False,2026-01-01 21:02:47.941,2026-01-01 21:02:47.941
Patrick Arnould,patrick.arnould@email.com,$2b$10$oCv/CIZ9w3Gwom8GBDreheV3qk4K.Bjqr/6yUruBC3cqAHqdbyZdO,client,True,2026-01-01 21:02:48.020,2026-01-01 21:02:48.020
Isabelle Martin,isabelle.martin@email.com,$2b$10$u2xBh1QUwSfBq0T0wDD4e.ZoT4sBE43Rgi.l0mKr//xzbIA0WTuLS,client,True,2026-01-01 21:02:48.098,2026-01-01 21:02:48.098
Francoise Auge,francoise.auge@email.com,$2b$10$14E8jy4M70jCRpoqreRoEuz4u0ZOzREpbV0hnAW1MtQ9dFTK8tj9y,client,True,2026-01-01 21:02:48.178,2026-01-01 21:02:48.178
Nathalie Girard,nathalie.girard@email.com,$2b$10$sM1ayzGAM0oeNfJjq9h5QOHttKtHOqPvc.klTYYazyO5Cq3mxFE/u,client,True,2026-01-01 21:02:48.258,2026-01-01 21:02:48.258
Pierre Michel,pierre.michel@email.com,$2b$10$YQmfsgNyMgUywqLjawxK2eFVOqMRG3teTqcvknSN5/NtLyCYQzu2e,client,True,2026-01-01 21:02:48.335,2026-01-01 21:02:48.335
Catherine Bernard,catherine.bernard@email.com,$2b$10$Z2std7.5SjdqojVygSs8.e3ke6efEiz58gr5uo5IGQ5yAVf6tcqJa,client,True,2026-01-01 21:02:48.413,2026-01-01 21:02:48.413
Nathalie Girard,nathalie.girard@email.com,$2b$10$pso7HK9UV4OuzijygNp32.VzdGY9khOFA/m88Jp3Wjifcje1MPo7u,client,True,2026-01-01 21:02:48.492,2026-01-01 21:02:48.492
Isabelle Dupont,isabelle.dupont@email.com,$2b$10$dPqcViAvAIxTmSTjJcNUNOdzxmmM.xiIlM1iglN.AztjWs1tkMjI2,client,True,2026-01-01 21:02:48.570,2026-01-01 21:02:48.570
Jacques Aubert,jacques.aubert@email.com,$2b$10$M/GlvkcrsfzCc7aSuVSozONF2.SaMT.WeEoeFD4.1OMUz1/mBBECK,client,True,2026-01-01 21:02:48.648,2026-01-01 21:02:48.648
Charles Bernard,charles.bernard@email.com,$2b$10$gDJsRSgwzYCmjNvEx4dCnOYB7HBPUsta5rcfwaF8gnEtV17OtnKc6,client,True,2026-01-01 21:02:48.728,2026-01-01 21:02:48.728
Charles Dupont,charles.dupont@email.com,$2b$10$th9AT.YLwXHgc/3RsDvBV.OPJhJ5fdUKq5cC7MbDBUqZiZZpe7Qti,client,True,2026-01-01 21:02:48.815,2026-01-01 21:02:48.815
Pierre Dupont,pierre.dupont@email.com,$2b$10$CxUOE6GmaLwBgBqU2I.oNOdMn2pObOg515NkWy5ame9IFf7FF.qda,client,True,2026-01-01 21:02:48.893,2026-01-01 21:02:48.893
Marie Aubry,marie.aubry@email.com,$2b$10$KQbdyVgh9zpyv61rEMa.B.8wOFhHCFMYTK0SjsAMJr5HJJM1tH5b.,client,True,2026-01-01 21:02:48.973,2026-01-01 21:02:48.973
Francoise Lefevre,francoise.lefevre@email.com,$2b$10$DenbNk885two2rHzYdY8Mudm061B1emF.VAgqU4oRITEdC/BD5WMW,client,True,2026-01-01 21:02:49.052,2026-01-01 21:02:49.052
Pierre Dupont,pierre.dupont@email.com,$2b$10$0mZelxbeww1fpwvwWLiRv.WjIhKfJtN1.AZ5TudlBonJBsSBBh7h2,client,True,2026-01-01 21:02:49.128,2026-01-01 21:02:49.128
Philippe Bernard,philippe.bernard@email.com,$2b$10$D80tK2lJdPgKDAeBdalfHO4y5ZtVmQTa9xMeo2101dDUk4K3huliq,client,True,2026-01-01 21:02:49.204,2026-01-01 21:02:49.204
Alain Thomas,alain.thomas@email.com,$2b$10$KJK1zKIfR0lGot/jqNs5SOgwY14l7PgeubN5upQOSaeQ/pbUzid8G,client,True,2026-01-01 21:02:49.281,2026-01-01 21:02:49.281
Jean Garcia,jean.garcia@email.com,$2b$10$vi3Cs00XDWBrsCvAX/sx0uBVA9ivviM0JuG72lUjU2Y/DKlewBltm,client,True,2026-01-01 21:02:49.362,2026-01-01 21:02:49.362
Christiane Aubry,christiane.aubry@email.com,$2b$10$1XHKBFDIUnbq2B.mcL9TLevVMWtr7lZZoNiECyEIvjQqUHjtRitBS,client,True,2026-01-01 21:02:49.442,2026-01-01 21:02:49.442
Bernard Durand,bernard.durand@email.com,$2b$10$XIW2/pTZFDqFsgVdMECEnuQsuZtqdO/JtFccEJdgXz1lVfkNDzQxW,client,True,2026-01-01 21:02:49.524,2026-01-01 21:02:49.524
Catherine Aubry,catherine.aubry@email.com,$2b$10$iq9h0.HFxK9ATr.M4j/CBOpXNP/389Y/HdbfnBrzWf8WWzLYhjI9m,client,True,2026-01-01 21:02:49.604,2026-01-01 21:02:49.604
Sophie Lefevre,sophie.lefevre@email.com,$2b$10$mTEcgay6zoUWtqQa6ixQhOhErG/bKYkgM6AeryyDJO/G15s30DUe6,client,True,2026-01-01 21:02:49.683,2026-01-01 21:02:49.683
Charles Arnould,charles.arnould@email.com,$2b$10$kVCar0U3ExkrMIT28csyx.w/4XPNduiXu4fb1JMzHF94WOQRwfOFa,client,True,2026-01-01 21:02:49.759,2026-01-01 21:02:49.759
Pierre Aubry,pierre.aubry@email.com,$2b$10$kxWOr4bAnlImmWhX8I.eYuuN0BzChVK6EOloEQkLwNx6IUbFQTyEW,client,True,2026-01-01 21:02:49.835,2026-01-01 21:02:49.835
Anne Garcia,anne.garcia@email.com,$2b$10$yA3n7Q3ZI4Lbu2nACLqyTe1UTGl2EddMyO915zcyEhrrJ8wTObaTC,client,True,2026-01-01 21:02:49.918,2026-01-01 21:02:49.918
Philippe Durand,philippe.durand@email.com,$2b$10$mc5CbsflAaKjLEVetJ19xOdF/Lerymq6CntYLqXzeY.0WkDQPzbLG,client,True,2026-01-01 21:02:49.997,2026-01-01 21:02:49.997
Francoise Auge,francoise.auge@email.com,$2b$10$zrPTfurh2G62mHj8nHhbTuml52fF5jBDm3giBM5mGr9z8AwbyrSwW,client,True,2026-01-01 21:02:50.074,2026-01-01 21:02:50.074
Alain Arnould,alain.arnould@email.com,$2b$10$QBdRY5C9uoFH2rIhIek6SuMajuWieUvKodiNfMMaCIk4vq5S5Yo.W,client,True,2026-01-01 21:02:50.151,2026-01-01 21:02:50.151
Monique Lefevre,monique.lefevre@email.com,$2b$10$JMDDQhC8B1cizs4SE8SVq.pqX8LR53NP1TXi0kt.P.9Hj4ZtiZGqa,client,True,2026-01-01 21:02:50.228,2026-01-01 21:02:50.228
Catherine Durand,catherine.durand@email.com,$2b$10$T2rEibkteOjmimE8OwH6k.1FYIU7QyawD35uFzelAGAdrlncztnde,client,True,2026-01-01 21:02:50.307,2026-01-01 21:02:50.307
Pierre Aubert,pierre.aubert@email.com,$2b$10$4.K0HNIwmWD47dQHijILGuY7H3RkN//jZlIZYCpgO3tCJyvLd.jgW,client,True,2026-01-01 21:02:50.388,2026-01-01 21:02:50.388
Catherine Durand,catherine.durand@email.com,$2b$10$vHzY0EOCDCthZUjC.4zdbu.rx03o1QSCVCbafNxOgl0SqbicnXnHi,client,True,2026-01-01 21:02:50.469,2026-01-01 21:02:50.469
Philippe Leclerc,philippe.leclerc@email.com,$2b$10$P8KY3dGyudG9W.svo/CER.0LdhqgsoOF7VbiWhFnSswP8FM8HrQ02,client,True,2026-01-01 21:02:50.546,2026-01-01 21:02:50.546
Jacques Laurent,jacques.laurent@email.com,$2b$10$tn97OMt2XC2n9cFge0vhX.6T7.m4XQufZ/eg0VwDYTRwm0ypeMN9u,client,True,2026-01-01 21:02:50.623,2026-01-01 21:02:50.623
Patrick Girard,patrick.girard@email.com,$2b$10$M74uEMeuKomVin3lWeK8EO6pt5a3QKFOOsXsY/iBTqZoT0TttIsv6,client,True,2026-01-01 21:02:50.702,2026-01-01 21:02:50.702
Michel Dupont,michel.dupont@email.com,$2b$10$.Bm9qo56Qg49gedtSOrh4OupeE7HIVkFGVYUhgr7AnLjC/xSVVAja,client,True,2026-01-01 21:02:50.786,2026-01-01 21:02:50.786
Jacques Lefevre,jacques.lefevre@email.com,$2b$10$5Jc.JcckjVHzGj3JnedaPu5zAcx3PWSbiCvlGNhWsAoWR4OytKgWu,client,True,2026-01-01 21:02:50.868,2026-01-01 21:02:50.868
Jacques Martin,jacques.martin@email.com,$2b$10$2Db7rjdhymRgPPjEU2.hUONWoR34YQGWp9/UaIg1EDdiIqLdCLeYq,client,True,2026-01-01 21:02:50.946,2026-01-01 21:02:50.946
Isabelle Leclerc,isabelle.leclerc@email.com,$2b$10$Pa5OnFWEfs3YMk3Vn4fxrezNcDZtG16J64e1PcOaqFlXVr.s8dYry,client,False,2026-01-01 21:02:51.024,2026-01-01 21:02:51.024
Isabelle Michel,isabelle.michel@email.com,$2b$10$WmcSIzmXb5wb8oxVr5hS8OlpZUUYGbhepMK7dm2wLHoZlF8aIrfje,client,True,2026-01-01 21:02:51.100,2026-01-01 21:02:51.100
Monique Dupont,monique.dupont@email.com,$2b$10$6zw/ivF4xl1gE3xyFNi8x.2m1Ad5NWUDQHEpbjqQGy1iniEWGbd/O,client,False,2026-01-01 21:02:51.178,2026-01-01 21:02:51.178
Michel Lefevre,michel.lefevre@email.com,$2b$10$clYazwId2owI/smg5emEeO97.nzPRW5rUjRHXiEqWwtJYSNOxM/EG,client,True,2026-01-01 21:02:51.254,2026-01-01 21:02:51.254
Isabelle Garcia,isabelle.garcia@email.com,$2b$10$SvpvJ2v.XTISVUIbZU9Up.xYTLw5tg64BAkxAAQDBJP2NTgSq0uOq,client,True,2026-01-01 21:02:51.331,2026-01-01 21:02:51.331
Alain Thomas,alain.thomas@email.com,$2b$10$4/RiSsozqhuPhQAjmM7L.uDsI9.amFQ3/AGH0z0DAodcUxs9I5G.q,client,True,2026-01-01 21:02:51.410,2026-01-01 21:02:51.410
Christiane Aubry,christiane.aubry@email.com,$2b$10$TzHjlFDXcNmodmGDnRtrwujg25kIGJaZUitB4madHTSUIPBOkG6v2,client,True,2026-01-01 21:02:51.491,2026-01-01 21:02:51.491
Monique Martin,monique.martin@email.com,$2b$10$pMF2LzoqrBAB73J/T4Kw2uni85NfkEPgHjDelJ4ZUEf6j.8Zm6VLq,client,True,2026-01-01 21:02:51.574,2026-01-01 21:02:51.574
Nathalie Antoine,nathalie.antoine@email.com,$2b$10$/DwBBDuObRwIqJtZnekdAO/p1mnfmKxWJgXptMqSU5T8mxSnxFyDS,client,True,2026-01-01 21:02:51.652,2026-01-01 21:02:51.652
Michel Bernard,michel.bernard@email.com,$2b$10$NFvgg1PNM/pwZBdNbk6X8.F8A5hG6IJ6oPm5QqoMXCS9KrOGebZXW,client,True,2026-01-01 21:02:51.729,2026-01-01 21:02:51.729
Charles Michel,charles.michel@email.com,$2b$10$zI/gVH/lZZHTl1M0oT8.pOuTCybhCeCqS9RLrLCVmRhcx/TTKq3DO,client,True,2026-01-01 21:02:51.809,2026-01-01 21:02:51.809
Alain Leblanc,alain.leblanc@email.com,$2b$10$O4Gn72CrLvgAxX6RO2x0e.4MI81j6Btd7o5haeIVRHAw16b1pfoRa,client,True,2026-01-01 21:02:51.889,2026-01-01 21:02:51.889
Jacques Leclerc,jacques.leclerc@email.com,$2b$10$2Vwl13hl/MQDYBsr7qqo/eomTfKBNeTMTGlSfkPwPg19.m1mhc9kG,client,True,2026-01-01 21:02:51.972,2026-01-01 21:02:51.972
Alain Martin,alain.martin@email.com,$2b$10$YqjdvYleGiEi2RP5oy.vH.ENYguQ22HiNK1R7cf3AsDrUC8069nbG,client,True,2026-01-01 21:02:52.056,2026-01-01 21:02:52.056
Michel Girard,michel.girard@email.com,$2b$10$KE43/zknAM60K6VtyjTV5eKSj1rhiDPud7qFGqfyeQgaKV0M7jg8K,client,True,2026-01-01 21:02:52.134,2026-01-01 21:02:52.134
Sophie Antoine,sophie.antoine@email.com,$2b$10$LVqS7W2D/V/PD5h9h0Aj5OP8FnVGizWyOW5IRCsvFX7.mVoLhsmAq,client,True,2026-01-01 21:02:52.214,2026-01-01 21:02:52.214
Patrick Martin,patrick.martin@email.com,$2b$10$XHyKfvGP/FhXlZdJt8VgK.PUghwLLbVE6bqS2wFDG7bLb.bw5bAqK,client,True,2026-01-01 21:02:52.290,2026-01-01 21:02:52.290
Christiane Moreau,christiane.moreau@email.com,$2b$10$TQgzlyodM1GdoBmxl.j1Du9m9YDsKRQMPaDZuT8tXugqY/YouxiWu,client,True,2026-01-01 21:02:52.366,2026-01-01 21:02:52.366
Patrick Laurent,patrick.laurent@email.com,$2b$10$KiIAB7J/NB2wu1LgQ2wZEu9wf1rg8JRzTw84k5wWAmAQX1YwDUzMe,client,True,2026-01-01 21:02:52.442,2026-01-01 21:02:52.442
Alain Laurent,alain.laurent@email.com,$2b$10$9Oqj7vlqrwrNTc.Ud4bbmOAtdjf62fKLBFyNwmPnXnmiO5DQb/Vcq,client,True,2026-01-01 21:02:52.520,2026-01-01 21:02:52.520
Anne Martin,anne.martin@email.com,$2b$10$JKhG6agge1Yx/BTMa93H6uY5i.9yEzI4TIOFvaSmajbRZ/sCWfR9i,client,True,2026-01-01 21:02:52.605,2026-01-01 21:02:52.605
Isabelle Arnould,isabelle.arnould@email.com,$2b$10$JJK/QT7xzOOniNk9WAnwY.uIW2nSfSBEOKn3UowC2GpujM7lhaHUu,client,True,2026-01-01 21:02:52.682,2026-01-01 21:02:52.682
Christiane Leclerc,christiane.leclerc@email.com,$2b$10$SegHda1wLqyjSJAkj467weAkt23bW8j1TJwxUY9GesIDEWN4kioD.,client,True,2026-01-01 21:02:52.758,2026-01-01 21:02:52.758
Catherine Auger,catherine.auger@email.com,$2b$10$nHbxJSiKN7/5CjoBUTNvu.nb.Px3AMOlFoFtiE9JMcrpKRLQJckIG,client,True,2026-01-01 21:02:52.837,2026-01-01 21:02:52.837
Christiane Leblanc,christiane.leblanc@email.com,$2b$10$XZCvGcXa71B2qSzWEoKccOSqmkwlxN.LrW8To.ZnaFCUW7rd1AJH.,client,True,2026-01-01 21:02:52.915,2026-01-01 21:02:52.915
Nathalie Moreau,nathalie.moreau@email.com,$2b$10$ruIu3uXh9/iOXo4QIq9R3etu7W3ZmtevkYb4XSs.h7hlAjab58oQm,client,True,2026-01-01 21:02:53.001,2026-01-01 21:02:53.001
Anne Thomas,anne.thomas@email.com,$2b$10$yHIdIgsnQdgpeI.jy88IWO0wIrygCnd/zGtd.gbATcDbfL12dNcHK,client,True,2026-01-01 21:02:53.082,2026-01-01 21:02:53.082
Luc Laurent,luc.laurent@email.com,$2b$10$hfLpYPIPanaWnEMiIAz2WOIMYyppdmzupda9pg3isHYVRledOmkei,client,False,2026-01-01 21:02:53.158,2026-01-01 21:02:53.158
